Workbook

Sheet Sundaram LT Tax Adv Fund
A1: Sundaram Long Term Tax Advantage Fund | G1: NIFTY 50
A2: Date | B2: Price | C2: %Change | G2: Date | H2: Price | I2: %Change
A3: 46023 | B3: 529.047 | C3: =B3/B4-1 -> 0.0012168719 | G3: 46023 | H3: 26146.55 | I3: =H3/H4-1 -> 0.00064868961
A4: 46022 | B4: 528.404 | C4: =B4/B5-1 -> 0.008135231 | G4: 46022 | H4: 26129.6 | I4: =H4/H5-1 -> 0.0073538341
A5: 46021 | B5: 524.14 | C5: =B5/B6-1 -> -0.00030326207 | G5: 46021 | H5: 25938.85 | I5: =H5/H6-1 -> -0.00012527899
A6: 46020 | B6: 524.299 | C6: =B6/B7-1 -> -0.003351316 | G6: 46020 | H6: 25942.1 | I6: =H6/H7-1 -> -0.0038475864
A7: 46017 | B7: 526.062 | C7: =B7/B8-1 -> -0.0028772888 | G7: 46017 | H7: 26042.3 | I7: =H7/H8-1 -> -0.0038175969
A8: 46015 | B8: 527.58 | C8: =B8/B9-1 -> -0.0033644337 | G8: 46015 | H8: 26142.1 | I8: =H8/H9-1 -> -0.001338954
A9: 46014 | B9: 529.361 | C9: =B9/B10-1 -> 0.00066539511 | G9: 46014 | H9: 26177.15 | I9: =H9/H10-1 -> 0.0001814889
A10: 46013 | B10: 529.009 | C10: =B10/B11-1 -> 0.0094455014 | G10: 46013 | H10: 26172.4 | I10: =H10/H11-1 -> 0.0079333292
A11: 46010 | B11: 524.059 | C11: =B11/B12-1 -> 0.0047047095 | G11: 46010 | H11: 25966.4 | I11: =H11/H12-1 -> 0.0058433773
A12: 46009 | B12: 521.605 | C12: =B12/B13-1 -> -0.00077584721 | G12: 46009 | H12: 25815.55 | I12: =H12/H13-1 -> -0.00011619553
A13: 46008 | B13: 522.01 | C13: =B13/B14-1 -> -0.00232023 | G13: 46008 | H13: 25818.55 | I13: =H13/H14-1 -> -0.0016067223
A14: 46007 | B14: 523.224 | C14: =B14/B15-1 -> -0.0055441412 | G14: 46007 | H14: 25860.1 | I14: =H14/H15-1 -> -0.006424024
... A1229: 44200 | B1229: 250.26 | C1229: =B1229/B1230-1 -> 0.0097643641 | G1229: 44200 | H1229: 14132.9 | I1229: =H1229/H1230-1 -> 0.0081606449
A1230: 44197 | B1230: 247.84 | G1230: 44197 | H1230: 14018.5
A1233: TIME | B1233: =YEARFRAC(A1230,A3,1) -> 5.0004564 | G1233: TIME | H1233: =YEARFRAC(G1230,G3,1) -> 5.0004564
A1234: CAGR( 5 YEAR RETURN) | B1234: =RATE(B1233,0,-B1230,B3,0) -> 0.16374696 | G1234: CAGR | H1234: =RATE(H1233,0,-H1230,H3,0) -> 0.13275928
A1235: BETA | B1235: =SLOPE(C3:C1229,I3:I1229) -> 0.92801277
A1236: RISK FREE RATE | B1236: 0.0698
A1237: EXPECTED RETURN | B1237: =B1236+B1235*(H1234-B1236) -> 0.12822701
A1239: RISK | B1239: =_xlfn.STDEV.S(C3:C1229)*SQRT(250) -> 0.13581375
A1240: JENSON ALPHA | B1240: =B1234-B1237 -> 0.035519947
A1241: SHARPE RATIO | B1241: =(B1234-B1236)/B1239 -> 0.69173377
A1242: TREYNOR RATIO | B1242: =(B1234-B1236)/B1235 -> 0.10123456

Sheet SBI ELSS Tax Saver Fund
A1: SBI ELSS Tax Saver Fund | G1: NIFTY 50
A2: Date | B2: Price | C2: %Change | G2: Date | H2: Price | I2: %Change
A3: 46023 | B3: 121.944 | C3: =B3/B4-1 -> 0.00032812705 | G3: 46023 | H3: 26146.55 | I3: =H3/H4-1 -> 0.00064868961
A4: 46022 | B4: 121.904 | C4: =B4/B5-1 -> 0.0083127238 | G4: 46022 | H4: 26129.6 | I4: =H4/H5-1 -> 0.0073538341
A5: 46021 | B5: 120.899 | C5: =B5/B6-1 -> 0.0033361826 | G5: 46021 | H5: 25938.85 | I5: =H5/H6-1 -> -0.00012527899
A6: 46020 | B6: 120.497 | C6: =B6/B7-1 -> -0.003061216 | G6: 46020 | H6: 25942.1 | I6: =H6/H7-1 -> -0.0038475864
A7: 46017 | B7: 120.867 | C7: =B7/B8-1 -> -0.0023277122 | G7: 46017 | H7: 26042.3 | I7: =H7/H8-1 -> -0.0038175969
A8: 46015 | B8: 121.149 | C8: =B8/B9-1 -> -0.0031186229 | G8: 46015 | H8: 26142.1 | I8: =H8/H9-1 -> -0.001338954
A9: 46014 | B9: 121.528 | C9: =B9/B10-1 -> 0.0010543657 | G9: 46014 | H9: 26177.15 | I9: =H9/H10-1 -> 0.0001814889
A10: 46013 | B10: 121.4 | C10: =B10/B11-1 -> 0.0068505648 | G10: 46013 | H10: 26172.4 | I10: =H10/H11-1 -> 0.0079333292
A11: 46010 | B11: 120.574 | C11: =B11/B12-1 -> 0.0072510985 | G11: 46010 | H11: 25966.4 | I11: =H11/H12-1 -> 0.0058433773
A12: 46009 | B12: 119.706 | C12: =B12/B13-1 -> 0.0010871747 | G12: 46009 | H12: 25815.55 | I12: =H12/H13-1 -> -0.00011619553
A13: 46008 | B13: 119.576 | C13: =B13/B14-1 -> 2.5089276e-05 | G13: 46008 | H13: 25818.55 | I13: =H13/H14-1 -> -0.0016067223
A14: 46007 | B14: 119.573 | C14: =B14/B15-1 -> -0.0074623149 | G14: 46007 | H14: 25860.1 | I14: =H14/H15-1 -> -0.006424024
... A1229: 44200 | B1229: 55.261 | C1229: =B1229/B1230-1 -> 0.013163926 | G1229: 44200 | H1229: 14132.9 | I1229: =H1229/H1230-1 -> 0.0081606449
A1230: 44197 | B1230: 54.543 | G1230: 44197 | H1230: 14018.5
A1233: TIME | B1233: =YEARFRAC(A1230,A3,1) -> 5.0004564 | G1233: TIME | H1233: =YEARFRAC(G1230,G3,1) -> 5.0004564
A1234: CAGR( 5 YEAR RETURN) | B1234: =RATE(B1233,0,-B1230,B3,0) -> 0.1745673 | G1234: CAGR | H1234: =RATE(H1233,0,-H1230,H3,0) -> 0.13275928
A1235: BETA | B1235: =SLOPE(C3:C1229,I3:I1229) -> 0.87870054
A1236: RISK FREE RATE | B1236: 0.0698
A1237: EXPECTED RETURN | B1237: =B1236+B1235*(H1234-B1236) -> 0.12512235
A1239: RISK | B1239: =_xlfn.STDEV.S(C3:C1229)*SQRT(250) -> 0.1485843
A1240: JENSON ALPHA | B1240: =B1234-B1237 -> 0.049444946
A1241: SHARPE RATIO | B1241: =(B1234-B1236)/B1239 -> 0.70510341
A1242: TREYNOR RATIO | B1242: =(B1234-B1236)/B1235 -> 0.11922981

Sheet Kotak ELSS Tax Saver-Scheme
A1: Kotak ELSS Tax Saver-Scheme | G1: NIFTY 50
A2: Date | B2: Price | C2: %Change | G2: Date | H2: Price | I2: %Change
A3: 46023 | B3: 138.681 | C3: =B3/B4-1 -> 0.0032626781 | G3: 46023 | H3: 26146.55 | I3: =H3/H4-1 -> 0.00064868961
A4: 46022 | B4: 138.23 | C4: =B4/B5-1 -> 0.009811012 | G4: 46022 | H4: 26129.6 | I4: =H4/H5-1 -> 0.0073538341
A5: 46021 | B5: 136.887 | C5: =B5/B6-1 -> -0.0027973862 | G5: 46021 | H5: 25938.85 | I5: =H5/H6-1 -> -0.00012527899
A6: 46020 | B6: 137.271 | C6: =B6/B7-1 -> -0.0021081557 | G6: 46020 | H6: 25942.1 | I6: =H6/H7-1 -> -0.0038475864
A7: 46017 | B7: 137.561 | C7: =B7/B8-1 -> -0.0044508453 | G7: 46017 | H7: 26042.3 | I7: =H7/H8-1 -> -0.0038175969
A8: 46015 | B8: 138.176 | C8: =B8/B9-1 -> -0.002029511 | G8: 46015 | H8: 26142.1 | I8: =H8/H9-1 -> -0.001338954
A9: 46014 | B9: 138.457 | C9: =B9/B10-1 -> 0.00066490803 | G9: 46014 | H9: 26177.15 | I9: =H9/H10-1 -> 0.0001814889
A10: 46013 | B10: 138.365 | C10: =B10/B11-1 -> 0.0064665833 | G10: 46013 | H10: 26172.4 | I10: =H10/H11-1 -> 0.0079333292
A11: 46010 | B11: 137.476 | C11: =B11/B12-1 -> 0.0080215864 | G11: 46010 | H11: 25966.4 | I11: =H11/H12-1 -> 0.0058433773
A12: 46009 | B12: 136.382 | C12: =B12/B13-1 -> -0.0016397523 | G12: 46009 | H12: 25815.55 | I12: =H12/H13-1 -> -0.00011619553
A13: 46008 | B13: 136.606 | C13: =B13/B14-1 -> -0.0040826444 | G13: 46008 | H13: 25818.55 | I13: =H13/H14-1 -> -0.0016067223
A14: 46007 | B14: 137.166 | C14: =B14/B15-1 -> -0.0067056745 | G14: 46007 | H14: 25860.1 | I14: =H14/H15-1 -> -0.006424024
... A1229: 44200 | B1229: 60.468 | C1229: =B1229/B1230-1 -> 0.012491209 | G1229: 44200 | H1229: 14132.9 | I1229: =H1229/H1230-1 -> 0.0081606449
A1230: 44197 | B1230: 59.722 | G1230: 44197 | H1230: 14018.5
A1233: TIME | B1233: =YEARFRAC(A1230,A3,1) -> 5.0004564 | G1233: TIME | H1233: =YEARFRAC(G1230,G3,1) -> 5.0004564
A1234: CAGR( 5 YEAR RETURN) | B1234: =RATE(B1233,0,-B1230,B3,0) -> 0.18350431 | G1234: CAGR | H1234: =RATE(H1233,0,-H1230,H3,0) -> 0.13275928
A1235: BETA | B1235: =SLOPE(C3:C1229,I3:I1229) -> 0.92393069
A1236: RISK FREE RATE | B1236: 0.0698
A1237: EXPECTED RETURN | B1237: =B1236+B1235*(H1234-B1236) -> 0.12797001
A1239: RISK | B1239: =_xlfn.STDEV.S(C3:C1229)*SQRT(250) -> 0.13978609
A1240: JENSON ALPHA | B1240: =B1234-B1237 -> 0.055534305
A1241: SHARPE RATIO | B1241: =(B1234-B1236)/B1239 -> 0.8134165
A1242: TREYNOR RATIO | B1242: =(B1234-B1236)/B1235 -> 0.12306585

Sheet Comparative Summary
A1: Comparative Analysis of Mutual Fund Schemes
A2: Period: 5 Years | Frequency: Daily | Benchmark: NIFTY 50 | Source: [state your NAV/Index data source]
A4: Parameter | B4: Sundaram Long Term Tax Advantage Fund | C4: SBI ELSS Tax Saver Fund | D4: Kotak ELSS Tax Saver-Scheme
A5: 5-Year Annualised Return (CAGR) | B5: ='Sundaram LT Tax Adv Fund'!B1234 -> 0.16374696 | C5: ='SBI ELSS Tax Saver Fund'!B1234 -> 0.1745673 | D5: ='Kotak ELSS Tax Saver-Scheme'!B1234 -> 0.18350431
A6: Risk (Annualised Std. Dev.) | B6: ='Sundaram LT Tax Adv Fund'!B1239 -> 0.13581375 | C6: ='SBI ELSS Tax Saver Fund'!B1239 -> 0.1485843 | D6: ='Kotak ELSS Tax Saver-Scheme'!B1239 -> 0.13978609
A7: Beta | B7: ='Sundaram LT Tax Adv Fund'!B1235 -> 0.92801277 | C7: ='SBI ELSS Tax Saver Fund'!B1235 -> 0.87870054 | D7: ='Kotak ELSS Tax Saver-Scheme'!B1235 -> 0.92393069
A8: Sharpe Ratio | B8: ='Sundaram LT Tax Adv Fund'!B1241 -> 0.69173377 | C8: ='SBI ELSS Tax Saver Fund'!B1241 -> 0.70510341 | D8: ='Kotak ELSS Tax Saver-Scheme'!B1241 -> 0.8134165
A9: Treynor Ratio | B9: ='Sundaram LT Tax Adv Fund'!B1242 -> 0.10123456 | C9: ='SBI ELSS Tax Saver Fund'!B1242 -> 0.11922981 | D9: ='Kotak ELSS Tax Saver-Scheme'!B1242 -> 0.12306585
A10: Jensen's Alpha | B10: ='Sundaram LT Tax Adv Fund'!B1240 -> 0.035519947 | C10: ='SBI ELSS Tax Saver Fund'!B1240 -> 0.049444946 | D10: ='Kotak ELSS Tax Saver-Scheme'!B1240 -> 0.055534305
A11: Risk-Free Rate Used | B11: ='Sundaram LT Tax Adv Fund'!B1236 -> 0.0698 | C11: ='SBI ELSS Tax Saver Fund'!B1236 -> 0.0698 | D11: ='Kotak ELSS Tax Saver-Scheme'!B1236 -> 0.0698
A13: Rank by Sharpe Ratio (1 = Best) | B13: =RANK(B8,$B8:$D8,0) -> 3 | C13: =RANK(C8,$B8:$D8,0) -> 2 | D13: =RANK(D8,$B8:$D8,0) -> 1
